Organization;IP Address;Domain / Whois;Notes
Anubis;195.22.26.192;anubisnetworks.com;https://rules.emergingthreats.net/open/snort-2.9.0/rules/emerging-trojan.rules
Anubis;195.22.26.193;anubisnetworks.com;https://rules.emergingthreats.net/open/snort-2.9.0/rules/emerging-trojan.rules
Anubis;195.22.26.194;anubisnetworks.com;https://rules.emergingthreats.net/open/snort-2.9.0/rules/emerging-trojan.rules
Anubis;195.22.26.195;anubisnetworks.com;https://rules.emergingthreats.net/open/snort-2.9.0/rules/emerging-trojan.rules
Anubis;195.22.26.196;anubisnetworks.com;https://rules.emergingthreats.net/open/snort-2.9.0/rules/emerging-trojan.rules
Anubis;195.22.26.197;anubisnetworks.com;https://rules.emergingthreats.net/open/snort-2.9.0/rules/emerging-trojan.rules
Anubis;195.22.26.198;anubisnetworks.com;https://rules.emergingthreats.net/open/snort-2.9.0/rules/emerging-trojan.rules
Anubis;195.22.26.199;anubisnetworks.com;https://rules.emergingthreats.net/open/snort-2.9.0/rules/emerging-trojan.rules
Anubis;195.22.26.200;anubisnetworks.com;https://rules.emergingthreats.net/open/snort-2.9.0/rules/emerging-trojan.rules
Anubis;195.22.26.201;anubisnetworks.com;https://rules.emergingthreats.net/open/snort-2.9.0/rules/emerging-trojan.rules
Anubis;195.22.26.202;anubisnetworks.com;https://rules.emergingthreats.net/open/snort-2.9.0/rules/emerging-trojan.rules
Anubis;195.22.26.203;anubisnetworks.com;https://rules.emergingthreats.net/open/snort-2.9.0/rules/emerging-trojan.rules
Anubis;195.22.26.204;anubisnetworks.com;https://rules.emergingthreats.net/open/snort-2.9.0/rules/emerging-trojan.rules
Anubis;195.22.26.205;anubisnetworks.com;https://rules.emergingthreats.net/open/snort-2.9.0/rules/emerging-trojan.rules
Anubis;195.22.26.206;anubisnetworks.com;https://rules.emergingthreats.net/open/snort-2.9.0/rules/emerging-trojan.rules
Anubis;195.22.26.207;anubisnetworks.com;https://rules.emergingthreats.net/open/snort-2.9.0/rules/emerging-trojan.rules
Anubis;195.22.26.208;anubisnetworks.com;https://rules.emergingthreats.net/open/snort-2.9.0/rules/emerging-trojan.rules
Anubis;195.22.26.209;anubisnetworks.com;https://rules.emergingthreats.net/open/snort-2.9.0/rules/emerging-trojan.rules
Anubis;195.22.26.210;anubisnetworks.com;https://rules.emergingthreats.net/open/snort-2.9.0/rules/emerging-trojan.rules
Anubis;195.22.26.211;anubisnetworks.com;https://rules.emergingthreats.net/open/snort-2.9.0/rules/emerging-trojan.rules
Anubis;195.22.26.212;anubisnetworks.com;https://rules.emergingthreats.net/open/snort-2.9.0/rules/emerging-trojan.rules
Anubis;195.22.26.213;anubisnetworks.com;https://rules.emergingthreats.net/open/snort-2.9.0/rules/emerging-trojan.rules
Anubis;195.22.26.214;anubisnetworks.com;https://rules.emergingthreats.net/open/snort-2.9.0/rules/emerging-trojan.rules
Anubis;195.22.26.215;anubisnetworks.com;https://rules.emergingthreats.net/open/snort-2.9.0/rules/emerging-trojan.rules
Anubis;195.22.26.216;anubisnetworks.com;https://rules.emergingthreats.net/open/snort-2.9.0/rules/emerging-trojan.rules
Anubis;195.22.26.217;anubisnetworks.com;https://rules.emergingthreats.net/open/snort-2.9.0/rules/emerging-trojan.rules
Anubis;195.22.26.218;anubisnetworks.com;https://rules.emergingthreats.net/open/snort-2.9.0/rules/emerging-trojan.rules
Anubis;195.22.26.219;anubisnetworks.com;https://rules.emergingthreats.net/open/snort-2.9.0/rules/emerging-trojan.rules
Anubis;195.22.26.220;anubisnetworks.com;https://rules.emergingthreats.net/open/snort-2.9.0/rules/emerging-trojan.rules
Anubis;195.22.26.221;anubisnetworks.com;https://rules.emergingthreats.net/open/snort-2.9.0/rules/emerging-trojan.rules
Anubis;195.22.26.222;anubisnetworks.com;https://rules.emergingthreats.net/open/snort-2.9.0/rules/emerging-trojan.rules
Anubis;195.22.26.223;anubisnetworks.com;https://rules.emergingthreats.net/open/snort-2.9.0/rules/emerging-trojan.rules
Anubis;195.22.26.224;anubisnetworks.com;https://rules.emergingthreats.net/open/snort-2.9.0/rules/emerging-trojan.rules
Anubis;195.22.26.225;anubisnetworks.com;https://rules.emergingthreats.net/open/snort-2.9.0/rules/emerging-trojan.rules
Anubis;195.22.26.226;anubisnetworks.com;https://rules.emergingthreats.net/open/snort-2.9.0/rules/emerging-trojan.rules
Anubis;195.22.26.227;anubisnetworks.com;https://rules.emergingthreats.net/open/snort-2.9.0/rules/emerging-trojan.rules
Anubis;195.22.26.228;anubisnetworks.com;https://rules.emergingthreats.net/open/snort-2.9.0/rules/emerging-trojan.rules
Anubis;195.22.26.229;anubisnetworks.com;https://rules.emergingthreats.net/open/snort-2.9.0/rules/emerging-trojan.rules
Anubis;195.22.26.230;anubisnetworks.com;https://rules.emergingthreats.net/open/snort-2.9.0/rules/emerging-trojan.rules
Anubis;195.22.26.231;anubisnetworks.com;https://rules.emergingthreats.net/open/snort-2.9.0/rules/emerging-trojan.rules
Anubis;195.22.26.232;anubisnetworks.com;https://rules.emergingthreats.net/open/snort-2.9.0/rules/emerging-trojan.rules
Anubis;195.22.26.233;anubisnetworks.com;https://rules.emergingthreats.net/open/snort-2.9.0/rules/emerging-trojan.rules
Anubis;195.22.26.234;anubisnetworks.com;https://rules.emergingthreats.net/open/snort-2.9.0/rules/emerging-trojan.rules
Anubis;195.22.26.235;anubisnetworks.com;https://rules.emergingthreats.net/open/snort-2.9.0/rules/emerging-trojan.rules
Anubis;195.22.26.236;anubisnetworks.com;https://rules.emergingthreats.net/open/snort-2.9.0/rules/emerging-trojan.rules
Anubis;195.22.26.237;anubisnetworks.com;https://rules.emergingthreats.net/open/snort-2.9.0/rules/emerging-trojan.rules
Anubis;195.22.26.238;anubisnetworks.com;https://rules.emergingthreats.net/open/snort-2.9.0/rules/emerging-trojan.rules
Anubis;195.22.26.239;anubisnetworks.com;https://rules.emergingthreats.net/open/snort-2.9.0/rules/emerging-trojan.rules
Anubis;195.22.26.240;anubisnetworks.com;https://rules.emergingthreats.net/open/snort-2.9.0/rules/emerging-trojan.rules
Anubis;195.22.26.241;anubisnetworks.com;https://rules.emergingthreats.net/open/snort-2.9.0/rules/emerging-trojan.rules
Anubis;195.22.26.242;anubisnetworks.com;https://rules.emergingthreats.net/open/snort-2.9.0/rules/emerging-trojan.rules
Anubis;195.22.26.243;anubisnetworks.com;https://rules.emergingthreats.net/open/snort-2.9.0/rules/emerging-trojan.rules
Anubis;195.22.26.244;anubisnetworks.com;https://rules.emergingthreats.net/open/snort-2.9.0/rules/emerging-trojan.rules
Anubis;195.22.26.245;anubisnetworks.com;https://rules.emergingthreats.net/open/snort-2.9.0/rules/emerging-trojan.rules
Anubis;195.22.26.246;anubisnetworks.com;https://rules.emergingthreats.net/open/snort-2.9.0/rules/emerging-trojan.rules
Anubis;195.22.26.247;anubisnetworks.com;https://rules.emergingthreats.net/open/snort-2.9.0/rules/emerging-trojan.rules
Anubis;195.22.26.248;anubisnetworks.com;https://rules.emergingthreats.net/open/snort-2.9.0/rules/emerging-trojan.rules
Anubis;195.22.26.249;anubisnetworks.com;https://rules.emergingthreats.net/open/snort-2.9.0/rules/emerging-trojan.rules
Anubis;195.22.26.250;anubisnetworks.com;https://rules.emergingthreats.net/open/snort-2.9.0/rules/emerging-trojan.rules
Anubis;195.22.26.251;anubisnetworks.com;https://rules.emergingthreats.net/open/snort-2.9.0/rules/emerging-trojan.rules
Anubis;195.22.26.252;anubisnetworks.com;https://rules.emergingthreats.net/open/snort-2.9.0/rules/emerging-trojan.rules
Anubis;195.22.26.253;anubisnetworks.com;https://rules.emergingthreats.net/open/snort-2.9.0/rules/emerging-trojan.rules
Anubis;195.22.26.254;anubisnetworks.com;https://rules.emergingthreats.net/open/snort-2.9.0/rules/emerging-trojan.rules
Anubis;195.22.26.255;anubisnetworks.com;https://rules.emergingthreats.net/open/snort-2.9.0/rules/emerging-trojan.rules
Arbor Networks ASERT;23.253.126.58;arbor-sinkhole.net;http://www.malwareurl.com/ns_listing.php?ns=ns1.arbor-sinkhole.net
Arbor Networks ASERT;168.181.184.35;arbor-sinkhole.net;http://www.malwareurl.com/ns_listing.php?ns=ns1.arbor-sinkhole.net
Blacklab.io;67.215.255.139;sinkhole.blacklab.io;
blacklistthisdomain;106.187.96.49;sinkhole.blacklistthisdomain.com;
blacklistthisdomain;81.166.122.234;sinkhole.blacklistthisdomain.com;
Botnet Hunter;52.5.245.208;ec2-52-5-245-208.compute-1.amazonaws.com;
CERT Polska;148.81.111.111;sinkhole.cert.pl;
CERT Polska;148.81.111.91;sinkhole.cert.pl;
CERT Polska;148.81.111.114;sinkhole.cert.pl;
Conficker Working Group;136.161.101.53;conficker-sinkhole.com;
Dr. Web;91.233.244.106;;http://doc.emergingthreats.net/bin/view/Main/2016997
Endgame;166.78.144.80;s01.snkhole.mal-ware.susp-nded.domain;http://www.kleissner.org
Farsight;38.102.150.27;;https://www.virustotal.com/en/ip-address/38.102.150.27/information/
Farsight;216.66.15.109;sinkhole-iad1-1.cwg.fsi.io;https://www.virustotal.com/en/ip-address/216.66.15.109/information/
Farsight;104.244.14.252;sinkhole-iad1-2.cwg.fsi.io;https://www.virustotal.com/en/ip-address/104.244.14.252/information/
FBI;142.0.36.234;;
Fitsec;193.166.255.171;;
Georgia Tech;143.215.15.2;;
Georgia Tech;143.215.130.46;;
Georgia Tech;143.215.130.36;;
Georgia Tech;143.215.15.24;;
Georgia Tech;143.215.15.27;;
Georgia Tech;143.215.15.26;;
Georgia Tech;143.215.15.31;;
Georgia Tech;143.215.15.2;;
Georgia Tech;143.215.15.28;;
Georgia Tech;143.215.130.42;;
Georgia Tech;143.215.15.25;;
Georgia Tech;143.215.15.29;;
Georgia Tech;143.215.15.23;;
Georgia Tech;143.215.15.30;;
Georgia Tech;198.61.227.6;;www.kleissner.org
Georgia Tech;50.57.148.87;;www.kleissner.org
Gladtech;74.200.48.169;sinkhole.gladtech.net;
Helse CSIRT;91.186.66.36;;
Hyas;192.169.69.25;sinkhole.hyas.com;
Kaspersky;93.159.228.22;sinkhole.kaspersky.com;
Kaspersky;95.211.172.143;sinkhole.kaspersky.com;
MalwareDomains;139.146.167.25;;
Microsoft;131.253.18.12;;http://doc.emergingthreats.net/bin/view/Main/2016101
Microsoft;131.253.18.11;;http://doc.emergingthreats.net/bin/view/Main/2016101
Microsoft;199.2.137.1;;https://lists.emergingthreats.net/pipermail/emerging-sigs/2013-June/022148.html
Microsoft;199.2.137.2;;https://lists.emergingthreats.net/pipermail/emerging-sigs/2013-June/022148.html
Microsoft;199.2.137.3;;https://lists.emergingthreats.net/pipermail/emerging-sigs/2013-June/022148.html
Microsoft;199.2.137.4;;https://lists.emergingthreats.net/pipermail/emerging-sigs/2013-June/022148.html
Microsoft;199.2.137.5;;https://lists.emergingthreats.net/pipermail/emerging-sigs/2013-June/022148.html
Microsoft;199.2.137.6;;https://lists.emergingthreats.net/pipermail/emerging-sigs/2013-June/022148.html
Microsoft;199.2.137.7;;https://lists.emergingthreats.net/pipermail/emerging-sigs/2013-June/022148.html
Microsoft;199.2.137.8;;https://lists.emergingthreats.net/pipermail/emerging-sigs/2013-June/022148.html
Microsoft;199.2.137.9;;https://lists.emergingthreats.net/pipermail/emerging-sigs/2013-June/022148.html
Microsoft;199.2.137.10;;https://lists.emergingthreats.net/pipermail/emerging-sigs/2013-June/022148.html
Microsoft;199.2.137.11;;https://lists.emergingthreats.net/pipermail/emerging-sigs/2013-June/022148.html
Microsoft;199.2.137.12;;https://lists.emergingthreats.net/pipermail/emerging-sigs/2013-June/022148.html
Microsoft;199.2.137.13;;https://lists.emergingthreats.net/pipermail/emerging-sigs/2013-June/022148.html
Microsoft;199.2.137.14;;https://lists.emergingthreats.net/pipermail/emerging-sigs/2013-June/022148.html
Microsoft;199.2.137.15;;https://lists.emergingthreats.net/pipermail/emerging-sigs/2013-June/022148.html
Microsoft;199.2.137.16;;https://lists.emergingthreats.net/pipermail/emerging-sigs/2013-June/022148.html
Microsoft;199.2.137.17;;https://lists.emergingthreats.net/pipermail/emerging-sigs/2013-June/022148.html
Microsoft;199.2.137.18;;https://lists.emergingthreats.net/pipermail/emerging-sigs/2013-June/022148.html
Microsoft;199.2.137.19;;https://lists.emergingthreats.net/pipermail/emerging-sigs/2013-June/022148.html
Microsoft;199.2.137.20;;https://lists.emergingthreats.net/pipermail/emerging-sigs/2013-June/022148.html
Microsoft;199.2.137.21;;https://lists.emergingthreats.net/pipermail/emerging-sigs/2013-June/022148.html
Microsoft;199.2.137.22;;https://lists.emergingthreats.net/pipermail/emerging-sigs/2013-June/022148.html
Microsoft;199.2.137.23;;https://lists.emergingthreats.net/pipermail/emerging-sigs/2013-June/022148.html
Microsoft;199.2.137.24;;https://lists.emergingthreats.net/pipermail/emerging-sigs/2013-June/022148.html
Microsoft;199.2.137.25;;https://lists.emergingthreats.net/pipermail/emerging-sigs/2013-June/022148.html
Microsoft;199.2.137.26;;https://lists.emergingthreats.net/pipermail/emerging-sigs/2013-June/022148.html
Microsoft;199.2.137.27;;https://lists.emergingthreats.net/pipermail/emerging-sigs/2013-June/022148.html
Microsoft;199.2.137.28;;https://lists.emergingthreats.net/pipermail/emerging-sigs/2013-June/022148.html
Microsoft;199.2.137.29;;https://lists.emergingthreats.net/pipermail/emerging-sigs/2013-June/022148.html
Microsoft;199.2.137.30;;https://lists.emergingthreats.net/pipermail/emerging-sigs/2013-June/022148.html
Microsoft;199.2.137.31;;https://lists.emergingthreats.net/pipermail/emerging-sigs/2013-June/022148.html
Microsoft;199.2.137.32;;https://lists.emergingthreats.net/pipermail/emerging-sigs/2013-June/022148.html
Microsoft;199.2.137.33;;https://lists.emergingthreats.net/pipermail/emerging-sigs/2013-June/022148.html
Microsoft;199.2.137.34;;https://lists.emergingthreats.net/pipermail/emerging-sigs/2013-June/022148.html
Microsoft;199.2.137.35;;https://lists.emergingthreats.net/pipermail/emerging-sigs/2013-June/022148.html
Microsoft;199.2.137.36;;https://lists.emergingthreats.net/pipermail/emerging-sigs/2013-June/022148.html
Microsoft;199.2.137.37;;https://lists.emergingthreats.net/pipermail/emerging-sigs/2013-June/022148.html
Microsoft;199.2.137.38;;https://lists.emergingthreats.net/pipermail/emerging-sigs/2013-June/022148.html
Microsoft;199.2.137.39;;https://lists.emergingthreats.net/pipermail/emerging-sigs/2013-June/022148.html
Microsoft;199.2.137.40;;https://lists.emergingthreats.net/pipermail/emerging-sigs/2013-June/022148.html
Microsoft;199.2.137.41;;https://lists.emergingthreats.net/pipermail/emerging-sigs/2013-June/022148.html
Microsoft;199.2.137.42;;https://lists.emergingthreats.net/pipermail/emerging-sigs/2013-June/022148.html
Microsoft;199.2.137.43;;https://lists.emergingthreats.net/pipermail/emerging-sigs/2013-June/022148.html
Microsoft;199.2.137.44;;https://lists.emergingthreats.net/pipermail/emerging-sigs/2013-June/022148.html
Microsoft;199.2.137.45;;https://lists.emergingthreats.net/pipermail/emerging-sigs/2013-June/022148.html
Microsoft;199.2.137.46;;https://lists.emergingthreats.net/pipermail/emerging-sigs/2013-June/022148.html
Microsoft;199.2.137.47;;https://lists.emergingthreats.net/pipermail/emerging-sigs/2013-June/022148.html
Microsoft;199.2.137.48;;https://lists.emergingthreats.net/pipermail/emerging-sigs/2013-June/022148.html
Microsoft;199.2.137.49;;https://lists.emergingthreats.net/pipermail/emerging-sigs/2013-June/022148.html
Microsoft;199.2.137.50;;https://lists.emergingthreats.net/pipermail/emerging-sigs/2013-June/022148.html
Microsoft;199.2.137.51;;https://lists.emergingthreats.net/pipermail/emerging-sigs/2013-June/022148.html
Microsoft;199.2.137.52;;https://lists.emergingthreats.net/pipermail/emerging-sigs/2013-June/022148.html
Microsoft;199.2.137.53;;https://lists.emergingthreats.net/pipermail/emerging-sigs/2013-June/022148.html
Microsoft;199.2.137.54;;https://lists.emergingthreats.net/pipermail/emerging-sigs/2013-June/022148.html
Microsoft;199.2.137.55;;https://lists.emergingthreats.net/pipermail/emerging-sigs/2013-June/022148.html
Microsoft;199.2.137.56;;https://lists.emergingthreats.net/pipermail/emerging-sigs/2013-June/022148.html
Microsoft;199.2.137.57;;https://lists.emergingthreats.net/pipermail/emerging-sigs/2013-June/022148.html
Microsoft;199.2.137.58;;https://lists.emergingthreats.net/pipermail/emerging-sigs/2013-June/022148.html
Microsoft;199.2.137.59;;https://lists.emergingthreats.net/pipermail/emerging-sigs/2013-June/022148.html
Microsoft;199.2.137.60;;https://lists.emergingthreats.net/pipermail/emerging-sigs/2013-June/022148.html
Microsoft;199.2.137.61;;https://lists.emergingthreats.net/pipermail/emerging-sigs/2013-June/022148.html
Microsoft;199.2.137.62;;https://lists.emergingthreats.net/pipermail/emerging-sigs/2013-June/022148.html
Microsoft;199.2.137.63;;https://lists.emergingthreats.net/pipermail/emerging-sigs/2013-June/022148.html
Microsoft;199.2.137.64;;https://lists.emergingthreats.net/pipermail/emerging-sigs/2013-June/022148.html
Microsoft;199.2.137.65;;https://lists.emergingthreats.net/pipermail/emerging-sigs/2013-June/022148.html
Microsoft;199.2.137.66;;https://lists.emergingthreats.net/pipermail/emerging-sigs/2013-June/022148.html
Microsoft;199.2.137.67;;https://lists.emergingthreats.net/pipermail/emerging-sigs/2013-June/022148.html
Microsoft;199.2.137.68;;https://lists.emergingthreats.net/pipermail/emerging-sigs/2013-June/022148.html
Microsoft;199.2.137.69;;https://lists.emergingthreats.net/pipermail/emerging-sigs/2013-June/022148.html
Microsoft;199.2.137.70;;https://lists.emergingthreats.net/pipermail/emerging-sigs/2013-June/022148.html
Microsoft;199.2.137.71;;https://lists.emergingthreats.net/pipermail/emerging-sigs/2013-June/022148.html
Microsoft;199.2.137.72;;https://lists.emergingthreats.net/pipermail/emerging-sigs/2013-June/022148.html
Microsoft;199.2.137.73;;https://lists.emergingthreats.net/pipermail/emerging-sigs/2013-June/022148.html
Microsoft;199.2.137.74;;https://lists.emergingthreats.net/pipermail/emerging-sigs/2013-June/022148.html
Microsoft;199.2.137.75;;https://lists.emergingthreats.net/pipermail/emerging-sigs/2013-June/022148.html
Microsoft;199.2.137.76;;https://lists.emergingthreats.net/pipermail/emerging-sigs/2013-June/022148.html
Microsoft;199.2.137.77;;https://lists.emergingthreats.net/pipermail/emerging-sigs/2013-June/022148.html
Microsoft;199.2.137.78;;https://lists.emergingthreats.net/pipermail/emerging-sigs/2013-June/022148.html
Microsoft;199.2.137.79;;https://lists.emergingthreats.net/pipermail/emerging-sigs/2013-June/022148.html
Microsoft;199.2.137.80;;https://lists.emergingthreats.net/pipermail/emerging-sigs/2013-June/022148.html
Microsoft;199.2.137.81;;https://lists.emergingthreats.net/pipermail/emerging-sigs/2013-June/022148.html
Microsoft;199.2.137.82;;https://lists.emergingthreats.net/pipermail/emerging-sigs/2013-June/022148.html
Microsoft;199.2.137.83;;https://lists.emergingthreats.net/pipermail/emerging-sigs/2013-June/022148.html
Microsoft;199.2.137.84;;https://lists.emergingthreats.net/pipermail/emerging-sigs/2013-June/022148.html
Microsoft;199.2.137.85;;https://lists.emergingthreats.net/pipermail/emerging-sigs/2013-June/022148.html
Microsoft;199.2.137.86;;https://lists.emergingthreats.net/pipermail/emerging-sigs/2013-June/022148.html
Microsoft;199.2.137.87;;https://lists.emergingthreats.net/pipermail/emerging-sigs/2013-June/022148.html
Microsoft;199.2.137.88;;https://lists.emergingthreats.net/pipermail/emerging-sigs/2013-June/022148.html
Microsoft;199.2.137.89;;https://lists.emergingthreats.net/pipermail/emerging-sigs/2013-June/022148.html
Microsoft;199.2.137.90;;https://lists.emergingthreats.net/pipermail/emerging-sigs/2013-June/022148.html
Microsoft;199.2.137.91;;https://lists.emergingthreats.net/pipermail/emerging-sigs/2013-June/022148.html
Microsoft;199.2.137.92;;https://lists.emergingthreats.net/pipermail/emerging-sigs/2013-June/022148.html
Microsoft;199.2.137.93;;https://lists.emergingthreats.net/pipermail/emerging-sigs/2013-June/022148.html
Microsoft;199.2.137.94;;https://lists.emergingthreats.net/pipermail/emerging-sigs/2013-June/022148.html
Microsoft;199.2.137.95;;https://lists.emergingthreats.net/pipermail/emerging-sigs/2013-June/022148.html
Microsoft;199.2.137.96;;https://lists.emergingthreats.net/pipermail/emerging-sigs/2013-June/022148.html
Microsoft;199.2.137.97;;https://lists.emergingthreats.net/pipermail/emerging-sigs/2013-June/022148.html
Microsoft;199.2.137.98;;https://lists.emergingthreats.net/pipermail/emerging-sigs/2013-June/022148.html
Microsoft;199.2.137.99;;https://lists.emergingthreats.net/pipermail/emerging-sigs/2013-June/022148.html
Microsoft;199.2.137.100;;https://lists.emergingthreats.net/pipermail/emerging-sigs/2013-June/022148.html
Microsoft;199.2.137.101;;https://lists.emergingthreats.net/pipermail/emerging-sigs/2013-June/022148.html
Microsoft;199.2.137.102;;https://lists.emergingthreats.net/pipermail/emerging-sigs/2013-June/022148.html
Microsoft;199.2.137.103;;https://lists.emergingthreats.net/pipermail/emerging-sigs/2013-June/022148.html
Microsoft;199.2.137.104;;https://lists.emergingthreats.net/pipermail/emerging-sigs/2013-June/022148.html
Microsoft;199.2.137.105;;https://lists.emergingthreats.net/pipermail/emerging-sigs/2013-June/022148.html
Microsoft;199.2.137.106;;https://lists.emergingthreats.net/pipermail/emerging-sigs/2013-June/022148.html
Microsoft;199.2.137.107;;https://lists.emergingthreats.net/pipermail/emerging-sigs/2013-June/022148.html
Microsoft;199.2.137.108;;https://lists.emergingthreats.net/pipermail/emerging-sigs/2013-June/022148.html
Microsoft;199.2.137.109;;https://lists.emergingthreats.net/pipermail/emerging-sigs/2013-June/022148.html
Microsoft;199.2.137.110;;https://lists.emergingthreats.net/pipermail/emerging-sigs/2013-June/022148.html
Microsoft;199.2.137.111;;https://lists.emergingthreats.net/pipermail/emerging-sigs/2013-June/022148.html
Microsoft;199.2.137.112;;https://lists.emergingthreats.net/pipermail/emerging-sigs/2013-June/022148.html
Microsoft;199.2.137.113;;https://lists.emergingthreats.net/pipermail/emerging-sigs/2013-June/022148.html
Microsoft;199.2.137.114;;https://lists.emergingthreats.net/pipermail/emerging-sigs/2013-June/022148.html
Microsoft;199.2.137.115;;https://lists.emergingthreats.net/pipermail/emerging-sigs/2013-June/022148.html
Microsoft;199.2.137.116;;https://lists.emergingthreats.net/pipermail/emerging-sigs/2013-June/022148.html
Microsoft;199.2.137.117;;https://lists.emergingthreats.net/pipermail/emerging-sigs/2013-June/022148.html
Microsoft;199.2.137.118;;https://lists.emergingthreats.net/pipermail/emerging-sigs/2013-June/022148.html
Microsoft;199.2.137.119;;https://lists.emergingthreats.net/pipermail/emerging-sigs/2013-June/022148.html
Microsoft;199.2.137.120;;https://lists.emergingthreats.net/pipermail/emerging-sigs/2013-June/022148.html
Microsoft;199.2.137.121;;https://lists.emergingthreats.net/pipermail/emerging-sigs/2013-June/022148.html
Microsoft;199.2.137.122;;https://lists.emergingthreats.net/pipermail/emerging-sigs/2013-June/022148.html
Microsoft;199.2.137.123;;https://lists.emergingthreats.net/pipermail/emerging-sigs/2013-June/022148.html
Microsoft;199.2.137.124;;https://lists.emergingthreats.net/pipermail/emerging-sigs/2013-June/022148.html
Microsoft;199.2.137.125;;https://lists.emergingthreats.net/pipermail/emerging-sigs/2013-June/022148.html
Microsoft;199.2.137.126;;https://lists.emergingthreats.net/pipermail/emerging-sigs/2013-June/022148.html
Microsoft;199.2.137.127;;https://lists.emergingthreats.net/pipermail/emerging-sigs/2013-June/022148.html
Microsoft;199.2.137.128;;https://lists.emergingthreats.net/pipermail/emerging-sigs/2013-June/022148.html
Microsoft;199.2.137.129;;https://lists.emergingthreats.net/pipermail/emerging-sigs/2013-June/022148.html
Microsoft;199.2.137.130;;https://lists.emergingthreats.net/pipermail/emerging-sigs/2013-June/022148.html
Microsoft;199.2.137.131;;https://lists.emergingthreats.net/pipermail/emerging-sigs/2013-June/022148.html
Microsoft;199.2.137.132;;https://lists.emergingthreats.net/pipermail/emerging-sigs/2013-June/022148.html
Microsoft;199.2.137.133;;https://lists.emergingthreats.net/pipermail/emerging-sigs/2013-June/022148.html
Microsoft;199.2.137.134;;https://lists.emergingthreats.net/pipermail/emerging-sigs/2013-June/022148.html
Microsoft;199.2.137.135;;https://lists.emergingthreats.net/pipermail/emerging-sigs/2013-June/022148.html
Microsoft;199.2.137.136;;https://lists.emergingthreats.net/pipermail/emerging-sigs/2013-June/022148.html
Microsoft;199.2.137.137;;https://lists.emergingthreats.net/pipermail/emerging-sigs/2013-June/022148.html
Microsoft;199.2.137.138;;https://lists.emergingthreats.net/pipermail/emerging-sigs/2013-June/022148.html
Microsoft;199.2.137.139;;https://lists.emergingthreats.net/pipermail/emerging-sigs/2013-June/022148.html
Microsoft;199.2.137.140;;https://lists.emergingthreats.net/pipermail/emerging-sigs/2013-June/022148.html
Microsoft;199.2.137.141;;https://lists.emergingthreats.net/pipermail/emerging-sigs/2013-June/022148.html
Microsoft;199.2.137.142;;https://lists.emergingthreats.net/pipermail/emerging-sigs/2013-June/022148.html
Microsoft;199.2.137.143;;https://lists.emergingthreats.net/pipermail/emerging-sigs/2013-June/022148.html
Microsoft;199.2.137.144;;https://lists.emergingthreats.net/pipermail/emerging-sigs/2013-June/022148.html
Microsoft;199.2.137.145;;https://lists.emergingthreats.net/pipermail/emerging-sigs/2013-June/022148.html
Microsoft;199.2.137.146;;https://lists.emergingthreats.net/pipermail/emerging-sigs/2013-June/022148.html
Microsoft;199.2.137.147;;https://lists.emergingthreats.net/pipermail/emerging-sigs/2013-June/022148.html
Microsoft;199.2.137.148;;https://lists.emergingthreats.net/pipermail/emerging-sigs/2013-June/022148.html
Microsoft;199.2.137.149;;https://lists.emergingthreats.net/pipermail/emerging-sigs/2013-June/022148.html
Microsoft;199.2.137.150;;https://lists.emergingthreats.net/pipermail/emerging-sigs/2013-June/022148.html
Microsoft;199.2.137.151;;https://lists.emergingthreats.net/pipermail/emerging-sigs/2013-June/022148.html
Microsoft;199.2.137.152;;https://lists.emergingthreats.net/pipermail/emerging-sigs/2013-June/022148.html
Microsoft;199.2.137.153;;https://lists.emergingthreats.net/pipermail/emerging-sigs/2013-June/022148.html
Microsoft;199.2.137.154;;https://lists.emergingthreats.net/pipermail/emerging-sigs/2013-June/022148.html
Microsoft;199.2.137.155;;https://lists.emergingthreats.net/pipermail/emerging-sigs/2013-June/022148.html
Microsoft;199.2.137.156;;https://lists.emergingthreats.net/pipermail/emerging-sigs/2013-June/022148.html
Microsoft;199.2.137.157;;https://lists.emergingthreats.net/pipermail/emerging-sigs/2013-June/022148.html
Microsoft;199.2.137.158;;https://lists.emergingthreats.net/pipermail/emerging-sigs/2013-June/022148.html
Microsoft;199.2.137.159;;https://lists.emergingthreats.net/pipermail/emerging-sigs/2013-June/022148.html
Microsoft;199.2.137.160;;https://lists.emergingthreats.net/pipermail/emerging-sigs/2013-June/022148.html
Microsoft;199.2.137.161;;https://lists.emergingthreats.net/pipermail/emerging-sigs/2013-June/022148.html
Microsoft;199.2.137.162;;https://lists.emergingthreats.net/pipermail/emerging-sigs/2013-June/022148.html
Microsoft;199.2.137.163;;https://lists.emergingthreats.net/pipermail/emerging-sigs/2013-June/022148.html
Microsoft;199.2.137.164;;https://lists.emergingthreats.net/pipermail/emerging-sigs/2013-June/022148.html
Microsoft;199.2.137.165;;https://lists.emergingthreats.net/pipermail/emerging-sigs/2013-June/022148.html
Microsoft;199.2.137.166;;https://lists.emergingthreats.net/pipermail/emerging-sigs/2013-June/022148.html
Microsoft;199.2.137.167;;https://lists.emergingthreats.net/pipermail/emerging-sigs/2013-June/022148.html
Microsoft;199.2.137.168;;https://lists.emergingthreats.net/pipermail/emerging-sigs/2013-June/022148.html
Microsoft;199.2.137.169;;https://lists.emergingthreats.net/pipermail/emerging-sigs/2013-June/022148.html
Microsoft;199.2.137.170;;https://lists.emergingthreats.net/pipermail/emerging-sigs/2013-June/022148.html
Microsoft;199.2.137.171;;https://lists.emergingthreats.net/pipermail/emerging-sigs/2013-June/022148.html
Microsoft;199.2.137.172;;https://lists.emergingthreats.net/pipermail/emerging-sigs/2013-June/022148.html
Microsoft;199.2.137.173;;https://lists.emergingthreats.net/pipermail/emerging-sigs/2013-June/022148.html
Microsoft;199.2.137.174;;https://lists.emergingthreats.net/pipermail/emerging-sigs/2013-June/022148.html
Microsoft;199.2.137.175;;https://lists.emergingthreats.net/pipermail/emerging-sigs/2013-June/022148.html
Microsoft;199.2.137.176;;https://lists.emergingthreats.net/pipermail/emerging-sigs/2013-June/022148.html
Microsoft;199.2.137.177;;https://lists.emergingthreats.net/pipermail/emerging-sigs/2013-June/022148.html
Microsoft;199.2.137.178;;https://lists.emergingthreats.net/pipermail/emerging-sigs/2013-June/022148.html
Microsoft;199.2.137.179;;https://lists.emergingthreats.net/pipermail/emerging-sigs/2013-June/022148.html
Microsoft;199.2.137.180;;https://lists.emergingthreats.net/pipermail/emerging-sigs/2013-June/022148.html
Microsoft;199.2.137.181;;https://lists.emergingthreats.net/pipermail/emerging-sigs/2013-June/022148.html
Microsoft;199.2.137.182;;https://lists.emergingthreats.net/pipermail/emerging-sigs/2013-June/022148.html
Microsoft;199.2.137.183;;https://lists.emergingthreats.net/pipermail/emerging-sigs/2013-June/022148.html
Microsoft;199.2.137.184;;https://lists.emergingthreats.net/pipermail/emerging-sigs/2013-June/022148.html
Microsoft;199.2.137.185;;https://lists.emergingthreats.net/pipermail/emerging-sigs/2013-June/022148.html
Microsoft;199.2.137.186;;https://lists.emergingthreats.net/pipermail/emerging-sigs/2013-June/022148.html
Microsoft;199.2.137.187;;https://lists.emergingthreats.net/pipermail/emerging-sigs/2013-June/022148.html
Microsoft;199.2.137.188;;https://lists.emergingthreats.net/pipermail/emerging-sigs/2013-June/022148.html
Microsoft;199.2.137.189;;https://lists.emergingthreats.net/pipermail/emerging-sigs/2013-June/022148.html
Microsoft;199.2.137.190;;https://lists.emergingthreats.net/pipermail/emerging-sigs/2013-June/022148.html
Microsoft;199.2.137.191;;https://lists.emergingthreats.net/pipermail/emerging-sigs/2013-June/022148.html
Microsoft;199.2.137.192;;https://lists.emergingthreats.net/pipermail/emerging-sigs/2013-June/022148.html
Microsoft;199.2.137.193;;https://lists.emergingthreats.net/pipermail/emerging-sigs/2013-June/022148.html
Microsoft;199.2.137.194;;https://lists.emergingthreats.net/pipermail/emerging-sigs/2013-June/022148.html
Microsoft;199.2.137.195;;https://lists.emergingthreats.net/pipermail/emerging-sigs/2013-June/022148.html
Microsoft;199.2.137.196;;https://lists.emergingthreats.net/pipermail/emerging-sigs/2013-June/022148.html
Microsoft;199.2.137.197;;https://lists.emergingthreats.net/pipermail/emerging-sigs/2013-June/022148.html
Microsoft;199.2.137.198;;https://lists.emergingthreats.net/pipermail/emerging-sigs/2013-June/022148.html
Microsoft;199.2.137.199;;https://lists.emergingthreats.net/pipermail/emerging-sigs/2013-June/022148.html
Microsoft;199.2.137.200;;https://lists.emergingthreats.net/pipermail/emerging-sigs/2013-June/022148.html
Microsoft;199.2.137.201;;https://lists.emergingthreats.net/pipermail/emerging-sigs/2013-June/022148.html
Microsoft;199.2.137.202;;https://lists.emergingthreats.net/pipermail/emerging-sigs/2013-June/022148.html
Microsoft;199.2.137.203;;https://lists.emergingthreats.net/pipermail/emerging-sigs/2013-June/022148.html
Microsoft;199.2.137.204;;https://lists.emergingthreats.net/pipermail/emerging-sigs/2013-June/022148.html
Microsoft;199.2.137.205;;https://lists.emergingthreats.net/pipermail/emerging-sigs/2013-June/022148.html
Microsoft;199.2.137.206;;https://lists.emergingthreats.net/pipermail/emerging-sigs/2013-June/022148.html
Microsoft;199.2.137.207;;https://lists.emergingthreats.net/pipermail/emerging-sigs/2013-June/022148.html
Microsoft;199.2.137.208;;https://lists.emergingthreats.net/pipermail/emerging-sigs/2013-June/022148.html
Microsoft;199.2.137.209;;https://lists.emergingthreats.net/pipermail/emerging-sigs/2013-June/022148.html
Microsoft;199.2.137.210;;https://lists.emergingthreats.net/pipermail/emerging-sigs/2013-June/022148.html
Microsoft;199.2.137.211;;https://lists.emergingthreats.net/pipermail/emerging-sigs/2013-June/022148.html
Microsoft;199.2.137.212;;https://lists.emergingthreats.net/pipermail/emerging-sigs/2013-June/022148.html
Microsoft;199.2.137.213;;https://lists.emergingthreats.net/pipermail/emerging-sigs/2013-June/022148.html
Microsoft;199.2.137.214;;https://lists.emergingthreats.net/pipermail/emerging-sigs/2013-June/022148.html
Microsoft;199.2.137.215;;https://lists.emergingthreats.net/pipermail/emerging-sigs/2013-June/022148.html
Microsoft;199.2.137.216;;https://lists.emergingthreats.net/pipermail/emerging-sigs/2013-June/022148.html
Microsoft;199.2.137.217;;https://lists.emergingthreats.net/pipermail/emerging-sigs/2013-June/022148.html
Microsoft;199.2.137.218;;https://lists.emergingthreats.net/pipermail/emerging-sigs/2013-June/022148.html
Microsoft;199.2.137.219;;https://lists.emergingthreats.net/pipermail/emerging-sigs/2013-June/022148.html
Microsoft;199.2.137.220;;https://lists.emergingthreats.net/pipermail/emerging-sigs/2013-June/022148.html
Microsoft;199.2.137.221;;https://lists.emergingthreats.net/pipermail/emerging-sigs/2013-June/022148.html
Microsoft;199.2.137.222;;https://lists.emergingthreats.net/pipermail/emerging-sigs/2013-June/022148.html
Microsoft;199.2.137.223;;https://lists.emergingthreats.net/pipermail/emerging-sigs/2013-June/022148.html
Microsoft;199.2.137.224;;https://lists.emergingthreats.net/pipermail/emerging-sigs/2013-June/022148.html
Microsoft;199.2.137.225;;https://lists.emergingthreats.net/pipermail/emerging-sigs/2013-June/022148.html
Microsoft;199.2.137.226;;https://lists.emergingthreats.net/pipermail/emerging-sigs/2013-June/022148.html
Microsoft;199.2.137.227;;https://lists.emergingthreats.net/pipermail/emerging-sigs/2013-June/022148.html
Microsoft;199.2.137.228;;https://lists.emergingthreats.net/pipermail/emerging-sigs/2013-June/022148.html
Microsoft;199.2.137.229;;https://lists.emergingthreats.net/pipermail/emerging-sigs/2013-June/022148.html
Microsoft;199.2.137.230;;https://lists.emergingthreats.net/pipermail/emerging-sigs/2013-June/022148.html
Microsoft;199.2.137.231;;https://lists.emergingthreats.net/pipermail/emerging-sigs/2013-June/022148.html
Microsoft;199.2.137.232;;https://lists.emergingthreats.net/pipermail/emerging-sigs/2013-June/022148.html
Microsoft;199.2.137.233;;https://lists.emergingthreats.net/pipermail/emerging-sigs/2013-June/022148.html
Microsoft;199.2.137.234;;https://lists.emergingthreats.net/pipermail/emerging-sigs/2013-June/022148.html
Microsoft;199.2.137.235;;https://lists.emergingthreats.net/pipermail/emerging-sigs/2013-June/022148.html
Microsoft;199.2.137.236;;https://lists.emergingthreats.net/pipermail/emerging-sigs/2013-June/022148.html
Microsoft;199.2.137.237;;https://lists.emergingthreats.net/pipermail/emerging-sigs/2013-June/022148.html
Microsoft;199.2.137.238;;https://lists.emergingthreats.net/pipermail/emerging-sigs/2013-June/022148.html
Microsoft;199.2.137.239;;https://lists.emergingthreats.net/pipermail/emerging-sigs/2013-June/022148.html
Microsoft;199.2.137.240;;https://lists.emergingthreats.net/pipermail/emerging-sigs/2013-June/022148.html
Microsoft;199.2.137.241;;https://lists.emergingthreats.net/pipermail/emerging-sigs/2013-June/022148.html
Microsoft;199.2.137.242;;https://lists.emergingthreats.net/pipermail/emerging-sigs/2013-June/022148.html
Microsoft;199.2.137.243;;https://lists.emergingthreats.net/pipermail/emerging-sigs/2013-June/022148.html
Microsoft;199.2.137.244;;https://lists.emergingthreats.net/pipermail/emerging-sigs/2013-June/022148.html
Microsoft;199.2.137.245;;https://lists.emergingthreats.net/pipermail/emerging-sigs/2013-June/022148.html
Microsoft;199.2.137.246;;https://lists.emergingthreats.net/pipermail/emerging-sigs/2013-June/022148.html
Microsoft;199.2.137.247;;https://lists.emergingthreats.net/pipermail/emerging-sigs/2013-June/022148.html
Microsoft;199.2.137.248;;https://lists.emergingthreats.net/pipermail/emerging-sigs/2013-June/022148.html
Microsoft;199.2.137.249;;https://lists.emergingthreats.net/pipermail/emerging-sigs/2013-June/022148.html
Microsoft;199.2.137.250;;https://lists.emergingthreats.net/pipermail/emerging-sigs/2013-June/022148.html
Microsoft;199.2.137.251;;https://lists.emergingthreats.net/pipermail/emerging-sigs/2013-June/022148.html
Microsoft;199.2.137.252;;https://lists.emergingthreats.net/pipermail/emerging-sigs/2013-June/022148.html
Microsoft;199.2.137.253;;https://lists.emergingthreats.net/pipermail/emerging-sigs/2013-June/022148.html
Microsoft;199.2.137.254;;https://lists.emergingthreats.net/pipermail/emerging-sigs/2013-June/022148.html
Microsoft;199.2.137.255;;https://lists.emergingthreats.net/pipermail/emerging-sigs/2013-June/022148.html
Microsoft;204.95.99.59;;https://lists.emergingthreats.net/pipermail/emerging-sigs/2013-June/022148.html
Microsoft;207.46.90.1;;https://lists.emergingthreats.net/pipermail/emerging-sigs/2013-June/022148.html
Microsoft;207.46.90.2;;https://lists.emergingthreats.net/pipermail/emerging-sigs/2013-June/022148.html
Microsoft;207.46.90.3;;https://lists.emergingthreats.net/pipermail/emerging-sigs/2013-June/022148.html
Microsoft;207.46.90.4;;https://lists.emergingthreats.net/pipermail/emerging-sigs/2013-June/022148.html
Microsoft;207.46.90.5;;https://lists.emergingthreats.net/pipermail/emerging-sigs/2013-June/022148.html
Microsoft;207.46.90.6;;https://lists.emergingthreats.net/pipermail/emerging-sigs/2013-June/022148.html
Microsoft;207.46.90.7;;https://lists.emergingthreats.net/pipermail/emerging-sigs/2013-June/022148.html
Microsoft;207.46.90.8;;https://lists.emergingthreats.net/pipermail/emerging-sigs/2013-June/022148.html
Microsoft;207.46.90.9;;https://lists.emergingthreats.net/pipermail/emerging-sigs/2013-June/022148.html
Microsoft;207.46.90.10;;https://lists.emergingthreats.net/pipermail/emerging-sigs/2013-June/022148.html
Microsoft;207.46.90.11;;https://lists.emergingthreats.net/pipermail/emerging-sigs/2013-June/022148.html
Microsoft;207.46.90.12;;https://lists.emergingthreats.net/pipermail/emerging-sigs/2013-June/022148.html
Microsoft;207.46.90.13;;https://lists.emergingthreats.net/pipermail/emerging-sigs/2013-June/022148.html
Microsoft;207.46.90.14;;https://lists.emergingthreats.net/pipermail/emerging-sigs/2013-June/022148.html
Microsoft;207.46.90.15;;https://lists.emergingthreats.net/pipermail/emerging-sigs/2013-June/022148.html
Microsoft;207.46.90.16;;https://lists.emergingthreats.net/pipermail/emerging-sigs/2013-June/022148.html
Microsoft;207.46.90.17;;https://lists.emergingthreats.net/pipermail/emerging-sigs/2013-June/022148.html
Microsoft;207.46.90.18;;https://lists.emergingthreats.net/pipermail/emerging-sigs/2013-June/022148.html
Microsoft;207.46.90.19;;https://lists.emergingthreats.net/pipermail/emerging-sigs/2013-June/022148.html
Microsoft;207.46.90.20;;https://lists.emergingthreats.net/pipermail/emerging-sigs/2013-June/022148.html
Microsoft;207.46.90.21;;https://lists.emergingthreats.net/pipermail/emerging-sigs/2013-June/022148.html
Microsoft;207.46.90.22;;https://lists.emergingthreats.net/pipermail/emerging-sigs/2013-June/022148.html
Microsoft;207.46.90.23;;https://lists.emergingthreats.net/pipermail/emerging-sigs/2013-June/022148.html
Microsoft;207.46.90.24;;https://lists.emergingthreats.net/pipermail/emerging-sigs/2013-June/022148.html
Microsoft;207.46.90.25;;https://lists.emergingthreats.net/pipermail/emerging-sigs/2013-June/022148.html
Microsoft;207.46.90.26;;https://lists.emergingthreats.net/pipermail/emerging-sigs/2013-June/022148.html
Microsoft;207.46.90.27;;https://lists.emergingthreats.net/pipermail/emerging-sigs/2013-June/022148.html
Microsoft;207.46.90.28;;https://lists.emergingthreats.net/pipermail/emerging-sigs/2013-June/022148.html
Microsoft;207.46.90.29;;https://lists.emergingthreats.net/pipermail/emerging-sigs/2013-June/022148.html
Microsoft;207.46.90.30;;https://lists.emergingthreats.net/pipermail/emerging-sigs/2013-June/022148.html
Microsoft;207.46.90.31;;https://lists.emergingthreats.net/pipermail/emerging-sigs/2013-June/022148.html
Microsoft;207.46.90.32;;https://lists.emergingthreats.net/pipermail/emerging-sigs/2013-June/022148.html
Microsoft;207.46.90.33;;https://lists.emergingthreats.net/pipermail/emerging-sigs/2013-June/022148.html
Microsoft;207.46.90.34;;https://lists.emergingthreats.net/pipermail/emerging-sigs/2013-June/022148.html
Microsoft;207.46.90.35;;https://lists.emergingthreats.net/pipermail/emerging-sigs/2013-June/022148.html
Microsoft;207.46.90.36;;https://lists.emergingthreats.net/pipermail/emerging-sigs/2013-June/022148.html
Microsoft;207.46.90.37;;https://lists.emergingthreats.net/pipermail/emerging-sigs/2013-June/022148.html
Microsoft;207.46.90.38;;https://lists.emergingthreats.net/pipermail/emerging-sigs/2013-June/022148.html
Microsoft;207.46.90.39;;https://lists.emergingthreats.net/pipermail/emerging-sigs/2013-June/022148.html
Microsoft;207.46.90.40;;https://lists.emergingthreats.net/pipermail/emerging-sigs/2013-June/022148.html
Microsoft;207.46.90.41;;https://lists.emergingthreats.net/pipermail/emerging-sigs/2013-June/022148.html
Microsoft;207.46.90.42;;https://lists.emergingthreats.net/pipermail/emerging-sigs/2013-June/022148.html
Microsoft;207.46.90.43;;https://lists.emergingthreats.net/pipermail/emerging-sigs/2013-June/022148.html
Microsoft;207.46.90.44;;https://lists.emergingthreats.net/pipermail/emerging-sigs/2013-June/022148.html
Microsoft;207.46.90.45;;https://lists.emergingthreats.net/pipermail/emerging-sigs/2013-June/022148.html
Microsoft;207.46.90.46;;https://lists.emergingthreats.net/pipermail/emerging-sigs/2013-June/022148.html
Microsoft;207.46.90.47;;https://lists.emergingthreats.net/pipermail/emerging-sigs/2013-June/022148.html
Microsoft;207.46.90.48;;https://lists.emergingthreats.net/pipermail/emerging-sigs/2013-June/022148.html
Microsoft;207.46.90.49;;https://lists.emergingthreats.net/pipermail/emerging-sigs/2013-June/022148.html
Microsoft;207.46.90.50;;https://lists.emergingthreats.net/pipermail/emerging-sigs/2013-June/022148.html
Microsoft;207.46.90.51;;https://lists.emergingthreats.net/pipermail/emerging-sigs/2013-June/022148.html
Microsoft;207.46.90.52;;https://lists.emergingthreats.net/pipermail/emerging-sigs/2013-June/022148.html
Microsoft;207.46.90.53;;https://lists.emergingthreats.net/pipermail/emerging-sigs/2013-June/022148.html
Microsoft;207.46.90.54;;https://lists.emergingthreats.net/pipermail/emerging-sigs/2013-June/022148.html
Microsoft;207.46.90.55;;https://lists.emergingthreats.net/pipermail/emerging-sigs/2013-June/022148.html
Microsoft;207.46.90.56;;https://lists.emergingthreats.net/pipermail/emerging-sigs/2013-June/022148.html
Microsoft;207.46.90.57;;https://lists.emergingthreats.net/pipermail/emerging-sigs/2013-June/022148.html
Microsoft;207.46.90.58;;https://lists.emergingthreats.net/pipermail/emerging-sigs/2013-June/022148.html
Microsoft;207.46.90.59;;https://lists.emergingthreats.net/pipermail/emerging-sigs/2013-June/022148.html
Microsoft;207.46.90.60;;https://lists.emergingthreats.net/pipermail/emerging-sigs/2013-June/022148.html
Microsoft;207.46.90.61;;https://lists.emergingthreats.net/pipermail/emerging-sigs/2013-June/022148.html
Microsoft;207.46.90.62;;https://lists.emergingthreats.net/pipermail/emerging-sigs/2013-June/022148.html
Microsoft;207.46.90.63;;https://lists.emergingthreats.net/pipermail/emerging-sigs/2013-June/022148.html
Microsoft;207.46.90.64;;https://lists.emergingthreats.net/pipermail/emerging-sigs/2013-June/022148.html
Microsoft;207.46.90.65;;https://lists.emergingthreats.net/pipermail/emerging-sigs/2013-June/022148.html
Microsoft;207.46.90.66;;https://lists.emergingthreats.net/pipermail/emerging-sigs/2013-June/022148.html
Microsoft;207.46.90.67;;https://lists.emergingthreats.net/pipermail/emerging-sigs/2013-June/022148.html
Microsoft;207.46.90.68;;https://lists.emergingthreats.net/pipermail/emerging-sigs/2013-June/022148.html
Microsoft;207.46.90.69;;https://lists.emergingthreats.net/pipermail/emerging-sigs/2013-June/022148.html
Microsoft;207.46.90.70;;https://lists.emergingthreats.net/pipermail/emerging-sigs/2013-June/022148.html
Microsoft;207.46.90.71;;https://lists.emergingthreats.net/pipermail/emerging-sigs/2013-June/022148.html
Microsoft;207.46.90.72;;https://lists.emergingthreats.net/pipermail/emerging-sigs/2013-June/022148.html
Microsoft;207.46.90.73;;https://lists.emergingthreats.net/pipermail/emerging-sigs/2013-June/022148.html
Microsoft;207.46.90.74;;https://lists.emergingthreats.net/pipermail/emerging-sigs/2013-June/022148.html
Microsoft;207.46.90.75;;https://lists.emergingthreats.net/pipermail/emerging-sigs/2013-June/022148.html
Microsoft;207.46.90.76;;https://lists.emergingthreats.net/pipermail/emerging-sigs/2013-June/022148.html
Microsoft;207.46.90.77;;https://lists.emergingthreats.net/pipermail/emerging-sigs/2013-June/022148.html
Microsoft;207.46.90.78;;https://lists.emergingthreats.net/pipermail/emerging-sigs/2013-June/022148.html
Microsoft;207.46.90.79;;https://lists.emergingthreats.net/pipermail/emerging-sigs/2013-June/022148.html
Microsoft;207.46.90.80;;https://lists.emergingthreats.net/pipermail/emerging-sigs/2013-June/022148.html
Microsoft;207.46.90.81;;https://lists.emergingthreats.net/pipermail/emerging-sigs/2013-June/022148.html
Microsoft;207.46.90.82;;https://lists.emergingthreats.net/pipermail/emerging-sigs/2013-June/022148.html
Microsoft;207.46.90.83;;https://lists.emergingthreats.net/pipermail/emerging-sigs/2013-June/022148.html
Microsoft;207.46.90.84;;https://lists.emergingthreats.net/pipermail/emerging-sigs/2013-June/022148.html
Microsoft;207.46.90.85;;https://lists.emergingthreats.net/pipermail/emerging-sigs/2013-June/022148.html
Microsoft;207.46.90.86;;https://lists.emergingthreats.net/pipermail/emerging-sigs/2013-June/022148.html
Microsoft;207.46.90.87;;https://lists.emergingthreats.net/pipermail/emerging-sigs/2013-June/022148.html
Microsoft;207.46.90.88;;https://lists.emergingthreats.net/pipermail/emerging-sigs/2013-June/022148.html
Microsoft;207.46.90.89;;https://lists.emergingthreats.net/pipermail/emerging-sigs/2013-June/022148.html
Microsoft;207.46.90.90;;https://lists.emergingthreats.net/pipermail/emerging-sigs/2013-June/022148.html
Microsoft;207.46.90.91;;https://lists.emergingthreats.net/pipermail/emerging-sigs/2013-June/022148.html
Microsoft;207.46.90.92;;https://lists.emergingthreats.net/pipermail/emerging-sigs/2013-June/022148.html
Microsoft;207.46.90.93;;https://lists.emergingthreats.net/pipermail/emerging-sigs/2013-June/022148.html
Microsoft;207.46.90.94;;https://lists.emergingthreats.net/pipermail/emerging-sigs/2013-June/022148.html
Microsoft;207.46.90.95;;https://lists.emergingthreats.net/pipermail/emerging-sigs/2013-June/022148.html
Microsoft;207.46.90.96;;https://lists.emergingthreats.net/pipermail/emerging-sigs/2013-June/022148.html
Microsoft;207.46.90.97;;https://lists.emergingthreats.net/pipermail/emerging-sigs/2013-June/022148.html
Microsoft;207.46.90.98;;https://lists.emergingthreats.net/pipermail/emerging-sigs/2013-June/022148.html
Microsoft;207.46.90.99;;https://lists.emergingthreats.net/pipermail/emerging-sigs/2013-June/022148.html
Microsoft;207.46.90.100;;https://lists.emergingthreats.net/pipermail/emerging-sigs/2013-June/022148.html
Microsoft;207.46.90.101;;https://lists.emergingthreats.net/pipermail/emerging-sigs/2013-June/022148.html
Microsoft;207.46.90.102;;https://lists.emergingthreats.net/pipermail/emerging-sigs/2013-June/022148.html
Microsoft;207.46.90.103;;https://lists.emergingthreats.net/pipermail/emerging-sigs/2013-June/022148.html
Microsoft;207.46.90.104;;https://lists.emergingthreats.net/pipermail/emerging-sigs/2013-June/022148.html
Microsoft;207.46.90.105;;https://lists.emergingthreats.net/pipermail/emerging-sigs/2013-June/022148.html
Microsoft;207.46.90.106;;https://lists.emergingthreats.net/pipermail/emerging-sigs/2013-June/022148.html
Microsoft;207.46.90.107;;https://lists.emergingthreats.net/pipermail/emerging-sigs/2013-June/022148.html
Microsoft;207.46.90.108;;https://lists.emergingthreats.net/pipermail/emerging-sigs/2013-June/022148.html
Microsoft;207.46.90.109;;https://lists.emergingthreats.net/pipermail/emerging-sigs/2013-June/022148.html
Microsoft;207.46.90.110;;https://lists.emergingthreats.net/pipermail/emerging-sigs/2013-June/022148.html
Microsoft;207.46.90.111;;https://lists.emergingthreats.net/pipermail/emerging-sigs/2013-June/022148.html
Microsoft;207.46.90.112;;https://lists.emergingthreats.net/pipermail/emerging-sigs/2013-June/022148.html
Microsoft;207.46.90.113;;https://lists.emergingthreats.net/pipermail/emerging-sigs/2013-June/022148.html
Microsoft;207.46.90.114;;https://lists.emergingthreats.net/pipermail/emerging-sigs/2013-June/022148.html
Microsoft;207.46.90.115;;https://lists.emergingthreats.net/pipermail/emerging-sigs/2013-June/022148.html
Microsoft;207.46.90.116;;https://lists.emergingthreats.net/pipermail/emerging-sigs/2013-June/022148.html
Microsoft;207.46.90.117;;https://lists.emergingthreats.net/pipermail/emerging-sigs/2013-June/022148.html
Microsoft;207.46.90.118;;https://lists.emergingthreats.net/pipermail/emerging-sigs/2013-June/022148.html
Microsoft;207.46.90.119;;https://lists.emergingthreats.net/pipermail/emerging-sigs/2013-June/022148.html
Microsoft;207.46.90.120;;https://lists.emergingthreats.net/pipermail/emerging-sigs/2013-June/022148.html
Microsoft;207.46.90.121;;https://lists.emergingthreats.net/pipermail/emerging-sigs/2013-June/022148.html
Microsoft;207.46.90.122;;https://lists.emergingthreats.net/pipermail/emerging-sigs/2013-June/022148.html
Microsoft;207.46.90.123;;https://lists.emergingthreats.net/pipermail/emerging-sigs/2013-June/022148.html
Microsoft;207.46.90.124;;https://lists.emergingthreats.net/pipermail/emerging-sigs/2013-June/022148.html
Microsoft;207.46.90.125;;https://lists.emergingthreats.net/pipermail/emerging-sigs/2013-June/022148.html
Microsoft;207.46.90.126;;https://lists.emergingthreats.net/pipermail/emerging-sigs/2013-June/022148.html
Microsoft;207.46.90.127;;https://lists.emergingthreats.net/pipermail/emerging-sigs/2013-June/022148.html
Microsoft;207.46.90.128;;https://lists.emergingthreats.net/pipermail/emerging-sigs/2013-June/022148.html
Microsoft;207.46.90.129;;https://lists.emergingthreats.net/pipermail/emerging-sigs/2013-June/022148.html
Microsoft;207.46.90.130;;https://lists.emergingthreats.net/pipermail/emerging-sigs/2013-June/022148.html
Microsoft;207.46.90.131;;https://lists.emergingthreats.net/pipermail/emerging-sigs/2013-June/022148.html
Microsoft;207.46.90.132;;https://lists.emergingthreats.net/pipermail/emerging-sigs/2013-June/022148.html
Microsoft;207.46.90.133;;https://lists.emergingthreats.net/pipermail/emerging-sigs/2013-June/022148.html
Microsoft;207.46.90.134;;https://lists.emergingthreats.net/pipermail/emerging-sigs/2013-June/022148.html
Microsoft;207.46.90.135;;https://lists.emergingthreats.net/pipermail/emerging-sigs/2013-June/022148.html
Microsoft;207.46.90.136;;https://lists.emergingthreats.net/pipermail/emerging-sigs/2013-June/022148.html
Microsoft;207.46.90.137;;https://lists.emergingthreats.net/pipermail/emerging-sigs/2013-June/022148.html
Microsoft;207.46.90.138;;https://lists.emergingthreats.net/pipermail/emerging-sigs/2013-June/022148.html
Microsoft;207.46.90.139;;https://lists.emergingthreats.net/pipermail/emerging-sigs/2013-June/022148.html
Microsoft;207.46.90.140;;https://lists.emergingthreats.net/pipermail/emerging-sigs/2013-June/022148.html
Microsoft;207.46.90.141;;https://lists.emergingthreats.net/pipermail/emerging-sigs/2013-June/022148.html
Microsoft;207.46.90.142;;https://lists.emergingthreats.net/pipermail/emerging-sigs/2013-June/022148.html
Microsoft;207.46.90.143;;https://lists.emergingthreats.net/pipermail/emerging-sigs/2013-June/022148.html
Microsoft;207.46.90.144;;https://lists.emergingthreats.net/pipermail/emerging-sigs/2013-June/022148.html
Microsoft;207.46.90.145;;https://lists.emergingthreats.net/pipermail/emerging-sigs/2013-June/022148.html
Microsoft;207.46.90.146;;https://lists.emergingthreats.net/pipermail/emerging-sigs/2013-June/022148.html
Microsoft;207.46.90.147;;https://lists.emergingthreats.net/pipermail/emerging-sigs/2013-June/022148.html
Microsoft;207.46.90.148;;https://lists.emergingthreats.net/pipermail/emerging-sigs/2013-June/022148.html
Microsoft;207.46.90.149;;https://lists.emergingthreats.net/pipermail/emerging-sigs/2013-June/022148.html
Microsoft;207.46.90.150;;https://lists.emergingthreats.net/pipermail/emerging-sigs/2013-June/022148.html
Microsoft;207.46.90.151;;https://lists.emergingthreats.net/pipermail/emerging-sigs/2013-June/022148.html
Microsoft;207.46.90.152;;https://lists.emergingthreats.net/pipermail/emerging-sigs/2013-June/022148.html
Microsoft;207.46.90.153;;https://lists.emergingthreats.net/pipermail/emerging-sigs/2013-June/022148.html
Microsoft;207.46.90.154;;https://lists.emergingthreats.net/pipermail/emerging-sigs/2013-June/022148.html
Microsoft;207.46.90.155;;https://lists.emergingthreats.net/pipermail/emerging-sigs/2013-June/022148.html
Microsoft;207.46.90.156;;https://lists.emergingthreats.net/pipermail/emerging-sigs/2013-June/022148.html
Microsoft;207.46.90.157;;https://lists.emergingthreats.net/pipermail/emerging-sigs/2013-June/022148.html
Microsoft;207.46.90.158;;https://lists.emergingthreats.net/pipermail/emerging-sigs/2013-June/022148.html
Microsoft;207.46.90.159;;https://lists.emergingthreats.net/pipermail/emerging-sigs/2013-June/022148.html
Microsoft;207.46.90.160;;https://lists.emergingthreats.net/pipermail/emerging-sigs/2013-June/022148.html
Microsoft;207.46.90.161;;https://lists.emergingthreats.net/pipermail/emerging-sigs/2013-June/022148.html
Microsoft;207.46.90.162;;https://lists.emergingthreats.net/pipermail/emerging-sigs/2013-June/022148.html
Microsoft;207.46.90.163;;https://lists.emergingthreats.net/pipermail/emerging-sigs/2013-June/022148.html
Microsoft;207.46.90.164;;https://lists.emergingthreats.net/pipermail/emerging-sigs/2013-June/022148.html
Microsoft;207.46.90.165;;https://lists.emergingthreats.net/pipermail/emerging-sigs/2013-June/022148.html
Microsoft;207.46.90.166;;https://lists.emergingthreats.net/pipermail/emerging-sigs/2013-June/022148.html
Microsoft;207.46.90.167;;https://lists.emergingthreats.net/pipermail/emerging-sigs/2013-June/022148.html
Microsoft;207.46.90.168;;https://lists.emergingthreats.net/pipermail/emerging-sigs/2013-June/022148.html
Microsoft;207.46.90.169;;https://lists.emergingthreats.net/pipermail/emerging-sigs/2013-June/022148.html
Microsoft;207.46.90.170;;https://lists.emergingthreats.net/pipermail/emerging-sigs/2013-June/022148.html
Microsoft;207.46.90.171;;https://lists.emergingthreats.net/pipermail/emerging-sigs/2013-June/022148.html
Microsoft;207.46.90.172;;https://lists.emergingthreats.net/pipermail/emerging-sigs/2013-June/022148.html
Microsoft;207.46.90.173;;https://lists.emergingthreats.net/pipermail/emerging-sigs/2013-June/022148.html
Microsoft;207.46.90.174;;https://lists.emergingthreats.net/pipermail/emerging-sigs/2013-June/022148.html
Microsoft;207.46.90.175;;https://lists.emergingthreats.net/pipermail/emerging-sigs/2013-June/022148.html
Microsoft;207.46.90.176;;https://lists.emergingthreats.net/pipermail/emerging-sigs/2013-June/022148.html
Microsoft;207.46.90.177;;https://lists.emergingthreats.net/pipermail/emerging-sigs/2013-June/022148.html
Microsoft;207.46.90.178;;https://lists.emergingthreats.net/pipermail/emerging-sigs/2013-June/022148.html
Microsoft;207.46.90.179;;https://lists.emergingthreats.net/pipermail/emerging-sigs/2013-June/022148.html
Microsoft;207.46.90.180;;https://lists.emergingthreats.net/pipermail/emerging-sigs/2013-June/022148.html
Microsoft;207.46.90.181;;https://lists.emergingthreats.net/pipermail/emerging-sigs/2013-June/022148.html
Microsoft;207.46.90.182;;https://lists.emergingthreats.net/pipermail/emerging-sigs/2013-June/022148.html
Microsoft;207.46.90.183;;https://lists.emergingthreats.net/pipermail/emerging-sigs/2013-June/022148.html
Microsoft;207.46.90.184;;https://lists.emergingthreats.net/pipermail/emerging-sigs/2013-June/022148.html
Microsoft;207.46.90.185;;https://lists.emergingthreats.net/pipermail/emerging-sigs/2013-June/022148.html
Microsoft;207.46.90.186;;https://lists.emergingthreats.net/pipermail/emerging-sigs/2013-June/022148.html
Microsoft;207.46.90.187;;https://lists.emergingthreats.net/pipermail/emerging-sigs/2013-June/022148.html
Microsoft;207.46.90.188;;https://lists.emergingthreats.net/pipermail/emerging-sigs/2013-June/022148.html
Microsoft;207.46.90.189;;https://lists.emergingthreats.net/pipermail/emerging-sigs/2013-June/022148.html
Microsoft;207.46.90.190;;https://lists.emergingthreats.net/pipermail/emerging-sigs/2013-June/022148.html
Microsoft;207.46.90.191;;https://lists.emergingthreats.net/pipermail/emerging-sigs/2013-June/022148.html
Microsoft;207.46.90.192;;https://lists.emergingthreats.net/pipermail/emerging-sigs/2013-June/022148.html
Microsoft;207.46.90.193;;https://lists.emergingthreats.net/pipermail/emerging-sigs/2013-June/022148.html
Microsoft;207.46.90.194;;https://lists.emergingthreats.net/pipermail/emerging-sigs/2013-June/022148.html
Microsoft;207.46.90.195;;https://lists.emergingthreats.net/pipermail/emerging-sigs/2013-June/022148.html
Microsoft;207.46.90.196;;https://lists.emergingthreats.net/pipermail/emerging-sigs/2013-June/022148.html
Microsoft;207.46.90.197;;https://lists.emergingthreats.net/pipermail/emerging-sigs/2013-June/022148.html
Microsoft;207.46.90.198;;https://lists.emergingthreats.net/pipermail/emerging-sigs/2013-June/022148.html
Microsoft;207.46.90.199;;https://lists.emergingthreats.net/pipermail/emerging-sigs/2013-June/022148.html
Microsoft;207.46.90.200;;https://lists.emergingthreats.net/pipermail/emerging-sigs/2013-June/022148.html
Microsoft;207.46.90.201;;https://lists.emergingthreats.net/pipermail/emerging-sigs/2013-June/022148.html
Microsoft;207.46.90.202;;https://lists.emergingthreats.net/pipermail/emerging-sigs/2013-June/022148.html
Microsoft;207.46.90.203;;https://lists.emergingthreats.net/pipermail/emerging-sigs/2013-June/022148.html
Microsoft;207.46.90.204;;https://lists.emergingthreats.net/pipermail/emerging-sigs/2013-June/022148.html
Microsoft;207.46.90.205;;https://lists.emergingthreats.net/pipermail/emerging-sigs/2013-June/022148.html
Microsoft;207.46.90.206;;https://lists.emergingthreats.net/pipermail/emerging-sigs/2013-June/022148.html
Microsoft;207.46.90.207;;https://lists.emergingthreats.net/pipermail/emerging-sigs/2013-June/022148.html
Microsoft;207.46.90.208;;https://lists.emergingthreats.net/pipermail/emerging-sigs/2013-June/022148.html
Microsoft;207.46.90.209;;https://lists.emergingthreats.net/pipermail/emerging-sigs/2013-June/022148.html
Microsoft;207.46.90.210;;https://lists.emergingthreats.net/pipermail/emerging-sigs/2013-June/022148.html
Microsoft;207.46.90.211;;https://lists.emergingthreats.net/pipermail/emerging-sigs/2013-June/022148.html
Microsoft;207.46.90.212;;https://lists.emergingthreats.net/pipermail/emerging-sigs/2013-June/022148.html
Microsoft;207.46.90.213;;https://lists.emergingthreats.net/pipermail/emerging-sigs/2013-June/022148.html
Microsoft;207.46.90.214;;https://lists.emergingthreats.net/pipermail/emerging-sigs/2013-June/022148.html
Microsoft;207.46.90.215;;https://lists.emergingthreats.net/pipermail/emerging-sigs/2013-June/022148.html
Microsoft;207.46.90.216;;https://lists.emergingthreats.net/pipermail/emerging-sigs/2013-June/022148.html
Microsoft;207.46.90.217;;https://lists.emergingthreats.net/pipermail/emerging-sigs/2013-June/022148.html
Microsoft;207.46.90.218;;https://lists.emergingthreats.net/pipermail/emerging-sigs/2013-June/022148.html
Microsoft;207.46.90.219;;https://lists.emergingthreats.net/pipermail/emerging-sigs/2013-June/022148.html
Microsoft;207.46.90.220;;https://lists.emergingthreats.net/pipermail/emerging-sigs/2013-June/022148.html
Microsoft;207.46.90.221;;https://lists.emergingthreats.net/pipermail/emerging-sigs/2013-June/022148.html
Microsoft;207.46.90.222;;https://lists.emergingthreats.net/pipermail/emerging-sigs/2013-June/022148.html
Microsoft;207.46.90.223;;https://lists.emergingthreats.net/pipermail/emerging-sigs/2013-June/022148.html
Microsoft;207.46.90.224;;https://lists.emergingthreats.net/pipermail/emerging-sigs/2013-June/022148.html
Microsoft;207.46.90.225;;https://lists.emergingthreats.net/pipermail/emerging-sigs/2013-June/022148.html
Microsoft;207.46.90.226;;https://lists.emergingthreats.net/pipermail/emerging-sigs/2013-June/022148.html
Microsoft;207.46.90.227;;https://lists.emergingthreats.net/pipermail/emerging-sigs/2013-June/022148.html
Microsoft;207.46.90.228;;https://lists.emergingthreats.net/pipermail/emerging-sigs/2013-June/022148.html
Microsoft;207.46.90.229;;https://lists.emergingthreats.net/pipermail/emerging-sigs/2013-June/022148.html
Microsoft;207.46.90.230;;https://lists.emergingthreats.net/pipermail/emerging-sigs/2013-June/022148.html
Microsoft;207.46.90.231;;https://lists.emergingthreats.net/pipermail/emerging-sigs/2013-June/022148.html
Microsoft;207.46.90.232;;https://lists.emergingthreats.net/pipermail/emerging-sigs/2013-June/022148.html
Microsoft;207.46.90.233;;https://lists.emergingthreats.net/pipermail/emerging-sigs/2013-June/022148.html
Microsoft;207.46.90.234;;https://lists.emergingthreats.net/pipermail/emerging-sigs/2013-June/022148.html
Microsoft;207.46.90.235;;https://lists.emergingthreats.net/pipermail/emerging-sigs/2013-June/022148.html
Microsoft;207.46.90.236;;https://lists.emergingthreats.net/pipermail/emerging-sigs/2013-June/022148.html
Microsoft;207.46.90.237;;https://lists.emergingthreats.net/pipermail/emerging-sigs/2013-June/022148.html
Microsoft;207.46.90.238;;https://lists.emergingthreats.net/pipermail/emerging-sigs/2013-June/022148.html
Microsoft;207.46.90.239;;https://lists.emergingthreats.net/pipermail/emerging-sigs/2013-June/022148.html
Microsoft;207.46.90.240;;https://lists.emergingthreats.net/pipermail/emerging-sigs/2013-June/022148.html
Microsoft;207.46.90.241;;https://lists.emergingthreats.net/pipermail/emerging-sigs/2013-June/022148.html
Microsoft;207.46.90.242;;https://lists.emergingthreats.net/pipermail/emerging-sigs/2013-June/022148.html
Microsoft;207.46.90.243;;https://lists.emergingthreats.net/pipermail/emerging-sigs/2013-June/022148.html
Microsoft;207.46.90.244;;https://lists.emergingthreats.net/pipermail/emerging-sigs/2013-June/022148.html
Microsoft;207.46.90.245;;https://lists.emergingthreats.net/pipermail/emerging-sigs/2013-June/022148.html
Microsoft;207.46.90.246;;https://lists.emergingthreats.net/pipermail/emerging-sigs/2013-June/022148.html
Microsoft;207.46.90.247;;https://lists.emergingthreats.net/pipermail/emerging-sigs/2013-June/022148.html
Microsoft;207.46.90.248;;https://lists.emergingthreats.net/pipermail/emerging-sigs/2013-June/022148.html
Microsoft;207.46.90.249;;https://lists.emergingthreats.net/pipermail/emerging-sigs/2013-June/022148.html
Microsoft;207.46.90.250;;https://lists.emergingthreats.net/pipermail/emerging-sigs/2013-June/022148.html
Microsoft;207.46.90.251;;https://lists.emergingthreats.net/pipermail/emerging-sigs/2013-June/022148.html
Microsoft;207.46.90.252;;https://lists.emergingthreats.net/pipermail/emerging-sigs/2013-June/022148.html
Microsoft;207.46.90.253;;https://lists.emergingthreats.net/pipermail/emerging-sigs/2013-June/022148.html
Microsoft;207.46.90.254;;https://lists.emergingthreats.net/pipermail/emerging-sigs/2013-June/022148.html
Microsoft;207.46.90.255;;https://lists.emergingthreats.net/pipermail/emerging-sigs/2013-June/022148.html
PublicDomainRegistry;109.74.196.143;;www.kleissner.org
PublicDomainRegistry;50.116.56.144;;www.kleissner.org
PublicDomainRegistry;50.116.32.177;;www.kleissner.org
PublicDomainRegistry;178.79.190.156;;www.kleissner.org
Shadowserver;87.106.24.200;sinkhole-00.shadowserver.org;
Shadowserver;87.106.26.9;sinkhole-01.shadowserver.org;http://marc.info/?l=emerging-sigs&m=135764068231008&w=2
Shadowserver;74.208.64.145;sinkhole-02.shadowserver.org;
Shadowserver;74.208.64.191;sinkhole-03.shadowserver.org;
Shadowserver;74.208.164.166;sinkhole-04.shadowserver.org;
Shadowserver;212.227.55.84;sinkhole.shadowserver.org;
Shadowserver;74.208.15.160;sinkhole.shadowserver.org;
Shadowserver;74.208.15.97;sinkhole.shadowserver.org;
Shadowserver;87.106.250.34;sinkhole.shadowserver.org;http://marc.info/?l=emerging-sigs&m=135764068231008&w=2
Shadowserver;87.106.86.28;sinkhole.shadowserver.org;http://marc.info/?l=emerging-sigs&m=135764068231008&w=2
Shadowserver;213.165.83.176;;https://otx.alienvault.com/indicator/ip/213.165.83.176
Shadowserver;87.106.20.192;mail207877684.mywebspace.zone;https://otx.alienvault.com/indicator/ip/87.106.20.192
Shadowserver;216.218.185.162;162.160-29.185.218.216.in-addr.arpa;https://otx.alienvault.com/indicator/ip/216.218.185.162
Shadowserver;184.105.192.2;2.0-29.192.105.184.in-addr.arpa;https://otx.alienvault.com/indicator/ip/184.105.192.2
Shadowserver;216.218.208.114;114.112-29.208.218.216.in-addr.arpa;https://otx.alienvault.com/indicator/ip/216.218.135.114
Shadowserver;178.162.217.107;;
Shadowserver;178.162.203.202;;
Shadowserver;178.162.203.211;;
Shadowserver;216.218.135.114;114.112-29.135.218.216.in-addr.arpa;https://www.virustotal.com/en/ip-address/216.218.135.114/information/
Shadowserver;5.79.71.205;;
Shadowserver;178.162.203.226;;
Shadowserver;5.79.71.225;;
Shadowserver;85.17.31.122;;
Shadowserver;85.17.31.82;;
Shadowserver;217.160.6.63;mail42168177.mywebspace.zone;
Shadowserver;87.106.250.34;sc-b.sinkhole.shadowserver.org;
Shadowserver;87.106.34.1;sc-c.sinkhole.shadowserver.org;
Shadowserver;87.106.86.28;sc-d.sinkhole.shadowserver.org;
SIDN Labs;176.58.104.168;sinkhole.sidnlabs.nl;
sinkhole.DK;212.227.20.19;sinkhole.dk;
sinkhole.in;86.124.164.25;sinkhole.in;
sinkhole.tech;79.137.66.14;http3.sinkhole.tech;
sinkhole.tech;95.211.174.92;sinkhole.tech;
sinkhole.tech;144.217.254.3;http4.sinkhole.tech;
sinkhole.tech;217.182.172.139;http1.sinkhole.tech;
sinkhole.tech;144.217.74.156;http2.sinkhole.tech;
SISRA / Abuse.ch;104.155.11.149;this-domain-is-sinkholed-by.abuse.ch;
Spamhaus;208.43.245.213;sl-reverse.com;
Spamhaus;173.192.192.10;sl-reverse.com;
Spamhaus;199.231.211.108;sl-reverse.com;
Spamhaus;198.98.120.157;sl-reverse.com;
Spamhaus;192.42.116.41;sl-reverse.com;
Spamhaus;87.255.51.229;sl-reverse.com;
Team Cymru;38.102.150.29;conficker-sinkhole.net;
Team Cymru;38.229.70.125;conficker-sinkhole.net;
Torpig-Sinkhole;212.227.55.84;torpig-sinkhole.org;
Torpig-Sinkhole;87.106.240.162;torpig-sinkhole.org;
Torpig-Sinkhole;87.106.140.254;torpig-sinkhole.org;
Torpig-Sinkhole;87.106.141.15;torpig-sinkhole.org;
Wapack Labs;23.253.46.64;;https://wapacklabs.blogspot.com/2016/07/wapack-labs-sinkhole-results-18.html
Zinkhole.org;176.31.62.76;suspended-domain.org;
Zinkhole.org;178.32.140.251;suspended-domain.org;
Zinkhole.org;94.23.175.2;suspended-domain.org;
OpenDNS;146.112.61.105;hit-botnet.opendns.com;https://support.opendns.com/hc/en-us/articles/227986927-What-are-the-Cisco-Umbrella-Block-Page-IP-Addresses-
OpenDNS;146.112.61.106;hit-adult.opendns.com;https://support.opendns.com/hc/en-us/articles/227986927-What-are-the-Cisco-Umbrella-Block-Page-IP-Addresses-
OpenDNS;146.112.61.107;hit-malware.opendns.com;https://support.opendns.com/hc/en-us/articles/227986927-What-are-the-Cisco-Umbrella-Block-Page-IP-Addresses-
OpenDNS;146.112.61.108;hit-phish.opendns.com;https://support.opendns.com/hc/en-us/articles/227986927-What-are-the-Cisco-Umbrella-Block-Page-IP-Addresses-
OpenDNS;146.112.61.109;hit-block.opendns.com;https://support.opendns.com/hc/en-us/articles/227986927-What-are-the-Cisco-Umbrella-Block-Page-IP-Addresses-
OpenDNS;146.112.61.110;hit-malware.opendns.com;https://support.opendns.com/hc/en-us/articles/227986927-What-are-the-Cisco-Umbrella-Block-Page-IP-Addresses-
infosec.jp;58.158.177.102;UCOM Corp.;https://github.com/grettir/malware-sinkholes/blob/905841db3b3cd86052d577c137ac9868c92dcb3b/malware_sinkholes.txt#L256
CNCERT/CC;183.236.2.18;China Mobile communications corporation;